T4-A-1	52751	5	13417
T3-A-1	55324	5	18505
T1-A-1	55040	4	19096
T4-C-1	60287	6	20667
T4-B-1	63269	7	21022
T1-C-1	56787	5	21587
T1-B-1	60975	6	22615
T3-C-1	61366	7	26433
T3-B-1	64418	7	27268
T2-B-1	70847	8	61468
T2-A-1	60254	5	61513
T2-C-1	67432	7	65626
T8-A-1	54076	5	17627
T5-A-1	54851	4	18474
T7-A-1	54606	6	19758
T5-C-1	56801	4	23241
T8-B-1	65215	7	23599
T7-C-1	61767	7	25218
T7-B-1	64110	8	25693
T8-C-1	62376	8	25645
T5-B-1	58951	4	26210
T6-A-1	57114	6	28217
T6-B-1	65469	7	29622
T6-C-1	62380	7	29881
T4-A-2	52471	5	11904
T4-C-2	62089	7	19320
T1-A-2	55117	5	20002
T3-A-2	56492	6	21120
T1-B-2	58631	6	21567
T4-B-2	66506	8	22298
T1-C-2	57756	6	23702
T3-C-2	62357	7	25992
T3-B-2	70083	9	31524
T2-C-2	65341	6	57776
T2-A-2	60476	5	61084
T2-B-2	71154	8	65873
T8-A-2	53481	5	15862
T5-C-2	56589	4	21276
T7-A-2	54931	7	22148
T5-A-2	54937	4	22949
T7-B-2	63341	7	23288
T6-A-2	56592	5	24461
T5-B-2	58249	5	24800
T8-B-2	65678	8	24729
T7-C-2	61235	7	25656
T8-C-2	61600	7	26065
T6-C-2	62784	7	33495
T6-B-2	68695	8	37909
